Workbook

Sheet Summary
A1: Road to Worlds — Implemented Card Catalog
A2: Live catalog inventory from data/cards.json (schema v2), verified 2026-07-18
A4: Catalog KPI | B4: Count | D4: Card Type | E4: Count | G4: Rarity | H4: Count
A5: Total cards | B5: =COUNTA(Cards!$B$5:$B$92) -> 88 | D5: Ingredient | E5: =COUNTIF(Cards!$E$5:$E$92,D5) -> 36 | G5: Common | H5: =COUNTIF(Cards!$H$5:$H$92,G5) -> 35
A6: Used in a starter deck | B6: =COUNTIF(Cards!$S$5:$S$92,">0") -> 50 | D6: Meal | E6: =COUNTIF(Cards!$E$5:$E$92,D6) -> 28 | G6: Uncommon | H6: =COUNTIF(Cards!$H$5:$H$92,G6) -> 17
A7: Not currently in a starter deck | B7: =B5-B6 -> 38 | D7: Tool | E7: =COUNTIF(Cards!$E$5:$E$92,D7) -> 14 | G7: Rare | H7: =COUNTIF(Cards!$H$5:$H$92,G7) -> 32
D8: Spice | E8: =COUNTIF(Cards!$E$5:$E$92,D8) -> 3 | G8: Mythic | H8: =COUNTIF(Cards!$H$5:$H$92,G8) -> 4
D9: Environment | E9: =COUNTIF(Cards!$E$5:$E$92,D9) -> 3
D10: Chef | E10: =COUNTIF(Cards!$E$5:$E$92,D10) -> 4
A12: Archetype | B12: Count | D12: Starter Deck | E12: Total Cards
A13: Spicy | B13: =COUNTIF(Cards!$F$5:$F$92,A13) -> 18 | D13: Spicy Starter | E13: =SUMIF('Starter Decks'!$B$5:$B$79,D13,'Starter Decks'!$G$5:$G$79) -> 30
A14: Hearty | B14: =COUNTIF(Cards!$F$5:$F$92,A14) -> 18 | D14: Hearty Starter | E14: =SUMIF('Starter Decks'!$B$5:$B$79,D14,'Starter Decks'!$G$5:$G$79) -> 30
A15: Sweet | B15: =COUNTIF(Cards!$F$5:$F$92,A15) -> 19 | D15: Sweet Starter | E15: =SUMIF('Starter Decks'!$B$5:$B$79,D15,'Starter Decks'!$G$5:$G$79) -> 30
A16: Fresh | B16: =COUNTIF(Cards!$F$5:$F$92,A16) -> 7 | D16: Fresh Starter | E16: =SUMIF('Starter Decks'!$B$5:$B$79,D16,'Starter Decks'!$G$5:$G$79) -> 30
A17: Funky | B17: =COUNTIF(Cards!$F$5:$F$92,A17) -> 8 | D17: Funky Starter | E17: =SUMIF('Starter Decks'!$B$5:$B$79,D17,'Starter Decks'!$G$5:$G$79) -> 30
A18: Neutral | B18: =COUNTIF(Cards!$F$5:$F$92,A18) -> 18
D20: Implementation note
D21: Cards are included when present in the live catalog loaded by ContentCatalog.gd. Campaign rarity and runtime cost are calculated using the same rules as the game code.

Sheet Cards
A1: Currently Implemented Cards
A2: Filter by type, archetype, rarity, or starter-deck usage. Runtime Cost and Campaign Rarity mirror ContentCatalog.gd.
A4: # | B4: Card ID | C4: Name | D4: Subtitle | E4: Card Type | F4: Archetype | G4: Rare Flag | H4: Campaign Rarity | I4: Attack | J4: Health | K4: Recipe / Ingredient Types | L4: Recipe Cost | M4: Discard Cost | N4: Runtime Cost | O4: Keywords | P4: Rules Text | Q4: Implementation Hooks | R4: Starter Decks | S4: Starter Copies | T4: Source
A5: 1 | B5: spicy_sriracharrow | C5: Sriracharrow | D5: Sriracha Sparrow | E5: Meal | F5: Spicy | G5: No | H5: =IF(E5="Chef","Mythic",IF(G5="Yes","Rare",IF(OR(E5="Meal",E5="Spice",E5="Environment"),"Uncommon","Common"))) -> Uncommon | I5: 5 | J5: 4 | K5: Spicy | L5: 1 | M5: 0 | N5: =IF(E5="Meal",L5,M5) -> 1 | R5: Spicy Starter | S5: 2 | T5: data/cards.json
A6: 2 | B6: spicy_firecracker_shrimp | C6: Firecracker Shrimp | E6: Meal | F6: Spicy | G6: No | H6: =IF(E6="Chef","Mythic",IF(G6="Yes","Rare",IF(OR(E6="Meal",E6="Spice",E6="Environment"),"Uncommon","Common"))) -> Uncommon | I6: 7 | J6: 5 | K6: Spicy + Spicy | L6: 2 | M6: 0 | N6: =IF(E6="Meal",L6,M6) -> 2 | P6: When this attacks, deal 2 damage to one opposing card in Prep. | Q6: on_attack | R6: Spicy Starter | S6: 2 | T6: data/cards.json
A7: 3 | B7: spicy_vindaloo_beluga | C7: Vindaloo Beluga | E7: Meal | F7: Spicy | G7: Yes | H7: =IF(E7="Chef","Mythic",IF(G7="Yes","Rare",IF(OR(E7="Meal",E7="Spice",E7="Environment"),"Uncommon","Common"))) -> Rare | I7: 3 | J7: 3 | K7: Spicy | L7: 1 | M7: 0 | N7: =IF(E7="Meal",L7,M7) -> 1 | P7: Sacrifice this meal: deal 4 damage to a target opposing Plated unit. | Q7: abilities | S7: 0 | T7: data/cards.json
A8: 4 | B8: spicy_hot_pot_panda | C8: Hot Pot Panda | E8: Meal | F8: Spicy | G8: Yes | H8: =IF(E8="Chef","Mythic",IF(G8="Yes","Rare",IF(OR(E8="Meal",E8="Spice",E8="Environment"),"Uncommon","Common"))) -> Rare | I8: 6 | J8: 6 | K8: Spicy + Spicy | L8: 2 | M8: 0 | N8: =IF(E8="Meal",L8,M8) -> 2 | P8: Whenever this is dealt damage, deal 1 damage to the opposing chef. | Q8: on_damaged | S8: 0 | T8: data/cards.json
A9: 5 | B9: spicy_buffalo_wings | C9: Buffalo Wings | D9: Buffalo | E9: Meal | F9: Spicy | G9: Yes | H9: =IF(E9="Chef","Mythic",IF(G9="Yes","Rare",IF(OR(E9="Meal",E9="Spice",E9="Environment"),"Uncommon","Common"))) -> Rare | I9: 9 | J9: 6 | K9: Spicy + Spicy + Spicy | L9: 3 | M9: 0 | N9: =IF(E9="Meal",L9,M9) -> 3 | P9: When served, deal 1 damage to all enemies. | Q9: on_play | R9: Spicy Starter | S9: 1 | T9: data/cards.json
A10: 6 | B10: hearty_dumpling_tortoise | C10: Dumpling-Backed Tortoise | E10: Meal | F10: Hearty | G10: No | H10: =IF(E10="Chef","Mythic",IF(G10="Yes","Rare",IF(OR(E10="Meal",E10="Spice",E10="Environment"),"Uncommon","Common"))) -> Uncommon | I10: 4 | J10: 5 | K10: Hearty | L10: 1 | M10: 0 | N10: =IF(E10="Meal",L10,M10) -> 1 | R10: Hearty Starter | S10: 2 | T10: data/cards.json
A11: 7 | B11: hearty_stewoose | C11: Stewoose | D11: Stew Moose | E11: Meal | F11: Hearty | G11: No | H11: =IF(E11="Chef","Mythic",IF(G11="Yes","Rare",IF(OR(E11="Meal",E11="Spice",E11="Environment"),"Uncommon","Common"))) -> Uncommon | I11: 4 | J11: 8 | K11: Hearty + Hearty | L11: 2 | M11: 0 | N11: =IF(E11="Meal",L11,M11) -> 2 | P11: When served, heal your chef for 2. | Q11: on_play | R11: Hearty Starter | S11: 2 | T11: data/cards.json
A12: 8 | B12: hearty_bison_burrito | C12: Bison Burrito | D12: Burrito Bison | E12: Meal | F12: Hearty | G12: Yes | H12: =IF(E12="Chef","Mythic",IF(G12="Yes","Rare",IF(OR(E12="Meal",E12="Spice",E12="Environment"),"Uncommon","Common"))) -> Rare | I12: 3 | J12: 3 | K12: Hearty | L12: 1 | M12: 0 | N12: =IF(E12="Meal",L12,M12) -> 1 | P12: While this is in Prep, your Plated units get +1/+1. | Q12: auras | S12: 0 | T12: data/cards.json
A13: 9 | B13: hearty_mastiff_potato | C13: Mastiff Potato | D13: Mastiff Mashed Potato | E13: Meal | F13: Hearty | G13: Yes | H13: =IF(E13="Chef","Mythic",IF(G13="Yes","Rare",IF(OR(E13="Meal",E13="Spice",E13="Environment"),"Uncommon","Common"))) -> Rare | I13: 4 | J13: 6 | K13: Hearty + Any | L13: 2 | M13: 0 | N13: =IF(E13="Meal",L13,M13) -> 2 | P13: The first time this moves from Prep to Plated, it gets +2/+2. | Q13: on_move_to_plated | S13: 0 | T13: data/cards.json
A14: 10 | B14: hearty_polar_pot_pie_bear | C14: Polar Pot Pie Bear | D14: Pot Pie Polar Bear | E14: Meal | F14: Hearty | G14: Yes | H14: =IF(E14="Chef","Mythic",IF(G14="Yes","Rare",IF(OR(E14="Meal",E14="Spice",E14="Environment"),"Uncommon","Common"))) -> Rare | I14: 8 | J14: 8 | K14: Hearty + Hearty + Hearty | L14: 3 | M14: 0 | N14: =IF(E14="Meal",L14,M14) -> 3 | P14: While Plated, once per turn heal 1 damage from each other friendly unit. | Q14: abilities | R14: Hearty Starter | S14: 1 | T14: data/cards.json
A15: 11 | B15: sweet_pup_tart | C15: Pup Tart | E15: Meal | F15: Sweet | G15: No | H15: =IF(E15="Chef","Mythic",IF(G15="Yes","Rare",IF(OR(E15="Meal",E15="Spice",E15="Environment"),"Uncommon","Common"))) -> Uncommon | I15: 4 | J15: 5 | K15: Sweet | L15: 1 | M15: 0 | N15: =IF(E15="Meal",L15,M15) -> 1 | R15: Sweet Starter | S15: 1 | T15: data/cards.json
A16: 12 | B16: sweet_strawberry_sharkcake | C16: Strawberry Sharkcake | D16: Shortcake Shark | E16: Meal | F16: Sweet | G16: No | H16: =IF(E16="Chef","Mythic",IF(G16="Yes","Rare",IF(OR(E16="Meal",E16="Spice",E16="Environment"),"Uncommon","Common"))) -> Uncommon | I16: 5 | J16: 6 | K16: Sweet + Sweet | L16: 2 | M16: 0 | N16: =IF(E16="Meal",L16,M16) -> 2 | P16: When served, draw 2 cards. | Q16: on_play | R16: Sweet Starter | S16: 2 | T16: data/cards.json
A17: 13 | B17: sweet_donutphin | C17: Donutphin | D17: Donut Dolphin | E17: Meal | F17: Sweet | G17: Yes | H17: =IF(E17="Chef","Mythic",IF(G17="Yes","Rare",IF(OR(E17="Meal",E17="Spice",E17="Environment"),"Uncommon","Common"))) -> Rare | I17: 3 | J17: 4 | K17: Sweet | L17: 1 | M17: 0 | N17: =IF(E17="Meal",L17,M17) -> 1 | P17: When this deals combat damage to the opposing chef, they cannot use a Chef next turn. | Q17: on_combat_damage_to_chef | S17: 0 | T17: data/cards.json
A18: 14 | B18: sweet_pandacake | C18: Pandacake | D18: Pancake Panda | E18: Meal | F18: Sweet | G18: Yes | H18: =IF(E18="Chef","Mythic",IF(G18="Yes","Rare",IF(OR(E18="Meal",E18="Spice",E18="Environment"),"Uncommon","Common"))) -> Rare | I18: 5 | J18: 6 | K18: Sweet + Sweet | L18: 2 | M18: 0 | N18: =IF(E18="Meal",L18,M18) -> 2 | P18: While this is in Prep, your other Plated units have +2 Health. | Q18: auras | S18: 0 | T18: data/cards.json
A19: 15 | B19: sweet_cinnamon_snail | C19: Cinnamon Snail | D19: Cinnamon Roll Snail | E19: Meal | F19: Sweet | G19: Yes | H19: =IF(E19="Chef","Mythic",IF(G19="Yes","Rare",IF(OR(E19="Meal",E19="Spice",E19="Environment"),"Uncommon","Common"))) -> Rare | I19: 4 | J19: 6 | K19: Sweet + Sweet | L19: 2 | M19: 0 | N19: =IF(E19="Meal",L19,M19) -> 2 | P19: While this is Plated, opposing Meals require 1 additional Ingredient and opposing healing is reduced by 2. | Q19: auras, opponent_healing_reduction | R19: Sweet Starter | S19: 2 | T19: data/cards.json
A20: 16 | B20: sweet_parfait_parrot | C20: Parfait Parrot | E20: Meal | F20: Sweet | G20: Yes | H20: =IF(E20="Chef","Mythic",IF(G20="Yes","Rare",IF(OR(E20="Meal",E20="Spice",E20="Environment"),"Uncommon","Common"))) -> Rare | I20: 4 | J20: 5 | K20: Sweet + Sweet | L20: 2 | M20: 0 | N20: =IF(E20="Meal",L20,M20) -> 2 | P20: At the end of your turn, if this is Plated, draw 1 card. | Q20: on_end_turn, end_turn_zone | S20: 0 | T20: data/cards.json
A21: 17 | B21: hearty_gravy_gazelle | C21: Gravy Gazelle | E21: Meal | F21: Hearty | G21: No | H21: =IF(E21="Chef","Mythic",IF(G21="Yes","Rare",IF(OR(E21="Meal",E21="Spice",E21="Environment"),"Uncommon","Common"))) -> Uncommon | I21: 3 | J21: 5 | K21: Hearty | L21: 1 | M21: 0 | N21: =IF(E21="Meal",L21,M21) -> 1 | P21: While Plated, once per turn give a friendly Plated unit +1/+1. | Q21: abilities | S21: 0 | T21: data/cards.json
A22: 18 | B22: fresh_harvest_hydra | C22: Harvest Hydra | E22: Meal | F22: Fresh | G22: Yes | H22: =IF(E22="Chef","Mythic",IF(G22="Yes","Rare",IF(OR(E22="Meal",E22="Spice",E22="Environment"),"Uncommon","Common"))) -> Rare | I22: 2 | J22: 2 | K22: Fresh | L22: 1 | M22: 0 | N22: =IF(E22="Meal",L22,M22) -> 1 | P22: To serve this, also sacrifice a Fresh Meal. When served, sacrifice all your other units; this gains their combined Attack and maximum Health, including the units used to serve it. | Q22: required_meal_archetype, on_play | R22: Fresh Starter | S22: 1 | T22: data/cards.json
A23: 19 | B23: fresh_garden_gorilla | C23: Garden Gorilla | E23: Meal | F23: Fresh | G23: No | H23: =IF(E23="Chef","Mythic",IF(G23="Yes","Rare",IF(OR(E23="Meal",E23="Spice",E23="Environment"),"Uncommon","Common"))) -> Uncommon | I23: 3 | J23: 5 | K23: Fresh + Fresh | L23: 2 | M23: 0 | N23: =IF(E23="Meal",L23,M23) -> 2 | P23: This gets +2 Attack for each other Fresh unit in your Prep area. | Q23: self_attack_per_friendly_prep_archetype, count_archetype | R23: Fresh Starter | S23: 2 | T23: data/cards.json
A24: 20 | B24: fresh_saladmander | C24: Saladmander | D24: Salad Salamander | E24: Meal | F24: Fresh | G24: No | H24: =IF(E24="Chef","Mythic",IF(G24="Yes","Rare",IF(OR(E24="Meal",E24="Spice",E24="Environment"),"Uncommon","Common"))) -> Uncommon | I24: 4 | J24: 5 | K24: Fresh | L24: 1 | M24: 0 | N24: =IF(E24="Meal",L24,M24) -> 1 | R24: Fresh Starter | S24: 2 | T24: data/cards.json
A25: 21 | B25: spicy_pepper_pike | C25: Pepper Pike | E25: Meal | F25: Spicy | G25: No | H25: =IF(E25="Chef","Mythic",IF(G25="Yes","Rare",IF(OR(E25="Meal",E25="Spice",E25="Environment"),"Uncommon","Common"))) -> Uncommon | I25: 4 | J25: 3 | K25: Spicy | L25: 1 | M25: 0 | N25: =IF(E25="Meal",L25,M25) -> 1 | P25: While Plated, once per turn deal 1 damage to an opposing Meal. | Q25: abilities | S25: 0 | T25: data/cards.json
A26: 22 | B26: hearty_meatloaf_mole | C26: Meatloaf Mole | E26: Meal | F26: Hearty | G26: Yes | H26: =IF(E26="Chef","Mythic",IF(G26="Yes","Rare",IF(OR(E26="Meal",E26="Spice",E26="Environment"),"Uncommon","Common"))) -> Rare | I26: 5 | J26: 6 | K26: Hearty + Hearty | L26: 2 | M26: 0 | N26: =IF(E26="Meal",L26,M26) -> 2 | P26: When this KOs an opposing unit, heal 2 damage from this. | Q26: on_ko_enemy | S26: 0 | T26: data/cards.json
A27: 23 | B27: hearty_broth_buffalo | C27: Broth Buffalo | E27: Meal | F27: Hearty | G27: Yes | H27: =IF(E27="Chef","Mythic",IF(G27="Yes","Rare",IF(OR(E27="Meal",E27="Spice",E27="Environment"),"Uncommon","Common"))) -> Rare | I27: 4 | J27: 7 | K27: Hearty + Hearty | L27: 2 | M27: 0 | N27: =IF(E27="Meal",L27,M27) -> 2 | P27: While Plated, once per turn heal 2 damage from a friendly unit. | Q27: abilities | S27: 0 | T27: data/cards.json
A28: 24 | B28: funky_remix_raccoon | C28: Remix Raccoon | E28: Meal | F28: Funky | G28: Yes | H28: =IF(E28="Chef","Mythic",IF(G28="Yes","Rare",IF(OR(E28="Meal",E28="Spice",E28="Environment"),"Uncommon","Common"))) -> Rare | I28: 4 | J28: 6 | K28: Funky + Funky + Funky | L28: 3 | M28: 0 | N28: =IF(E28="Meal",L28,M28) -> 3 | P28: Once per turn, copy the activated ability of another unit in your Prep area and pay its costs. | Q28: abilities | R28: Funky Starter | S28: 2 | T28: data/cards.json
A29: 25 | B29: funky_leftover_lynx | C29: Leftover Lynx | E29: Meal | F29: Funky | G29: No | H29: =IF(E29="Chef","Mythic",IF(G29="Yes","Rare",IF(OR(E29="Meal",E29="Spice",E29="Environment"),"Uncommon","Common"))) -> Uncommon | I29: 4 | J29: 6 | K29: Funky + Funky | L29: 2 | M29: 0 | N29: =IF(E29="Meal",L29,M29) -> 2 | P29: When served, return a unit from your discard pile to your hand. | Q29: on_play | R29: Funky Starter | S29: 2 | T29: data/cards.json
A30: 26 | B30: sweet_bottomless_trifle_tern | C30: Bottomless Trifle Tern | E30: Meal | F30: Sweet | G30: Yes | H30: =IF(E30="Chef","Mythic",IF(G30="Yes","Rare",IF(OR(E30="Meal",E30="Spice",E30="Environment"),"Uncommon","Common"))) -> Rare | I30: 4 | J30: 5 | K30: Sweet | L30: 1 | M30: 0 | N30: =IF(E30="Meal",L30,M30) -> 1 | P30: To serve this, also sacrifice a Sweet Meal. The first time this attacks each turn, draw until you have 6 cards. | Q30: required_meal_archetype, on_attack | S30: 0 | T30: data/cards.json
A31: 27 | B31: sweet_pudding_puma | C31: Pudding Puma | E31: Meal | F31: Sweet | G31: Yes | H31: =IF(E31="Chef","Mythic",IF(G31="Yes","Rare",IF(OR(E31="Meal",E31="Spice",E31="Environment"),"Uncommon","Common"))) -> Rare | I31: 3 | J31: 4 | K31: Sweet + Sweet | L31: 2 | M31: 0 | N31: =IF(E31="Meal",L31,M31) -> 2 | P31: This can attack while in Prep. | Q31: can_attack_from_prep | S31: 0 | T31: data/cards.json
A32: 28 | B32: funky_trap_jam_tapir | C32: Trap Jam Tapir | E32: Meal | F32: Funky | G32: Yes | H32: =IF(E32="Chef","Mythic",IF(G32="Yes","Rare",IF(OR(E32="Meal",E32="Spice",E32="Environment"),"Uncommon","Common"))) -> Rare | I32: 3 | J32: 4 | K32: Funky | L32: 1 | M32: 0 | N32: =IF(E32="Meal",L32,M32) -> 1 | P32: While Plated, once per turn negate an opposing Hand Trap. | Q32: hand_trap_guard, hand_trap_guard_zone | R32: Funky Starter | S32: 2 | T32: data/cards.json
A33: 29 | B33: spicy_hot_honey_bee | C33: Hot Honey Bee | E33: Ingredient | F33: Spicy | G33: No | H33: =IF(E33="Chef","Mythic",IF(G33="Yes","Rare",IF(OR(E33="Meal",E33="Spice",E33="Environment"),"Uncommon","Common"))) -> Common | I33: 1 | J33: 1 | K33: Spicy | L33: 0 | M33: 0 | N33: =IF(E33="Meal",L33,M33) -> 0 | P33: When played, deal 1 damage to the opposing chef. | Q33: on_play | R33: Spicy Starter | S33: 3 | T33: data/cards.json
A34: 30 | B34: spicy_jalapeno_panther | C34: Jalapeño Panther | E34: Ingredient | F34: Spicy | G34: No | H34: =IF(E34="Chef","Mythic",IF(G34="Yes","Rare",IF(OR(E34="Meal",E34="Spice",E34="Environment"),"Uncommon","Common"))) -> Common | I34: 2 | J34: 3 | K34: Spicy | L34: 0 | M34: 0 | N34: =IF(E34="Meal",L34,M34) -> 0 | R34: Spicy Starter | S34: 2 | T34: data/cards.json
A35: 31 | B35: spicy_red_pepper_panda | C35: Red Pepper Panda | E35: Ingredient | F35: Spicy | G35: No | H35: =IF(E35="Chef","Mythic",IF(G35="Yes","Rare",IF(OR(E35="Meal",E35="Spice",E35="Environment"),"Uncommon","Common"))) -> Common | I35: 1 | J35: 2 | K35: Spicy | L35: 0 | M35: 0 | N35: =IF(E35="Meal",L35,M35) -> 0 | O35: Stalwart | P35: Stalwart — this card can attack the opposing chef even while they control Plated cards. | R35: Spicy Starter | S35: 3 | T35: data/cards.json
A36: 32 | B36: spicy_wasabi_wasp | C36: Wastabi | D36: Wasabi Wasp | E36: Ingredient | F36: Spicy | G36: Yes | H36: =IF(E36="Chef","Mythic",IF(G36="Yes","Rare",IF(OR(E36="Meal",E36="Spice",E36="Environment"),"Uncommon","Common"))) -> Rare | I36: 2 | J36: 1 | K36: Spicy | L36: 0 | M36: 0 | N36: =IF(E36="Meal",L36,M36) -> 0 | P36: When played, deal 1 damage to all opposing Plated units. | Q36: on_play | R36: Spicy Starter | S36: 2 | T36: data/cards.json
A37: 33 | B37: spicy_jalapeno_jackal | C37: Jakapeno | D37: Jalapeño Jackal | E37: Ingredient | F37: Spicy | G37: No | H37: =IF(E37="Chef","Mythic",IF(G37="Yes","Rare",IF(OR(E37="Meal",E37="Spice",E37="Environment"),"Uncommon","Common"))) -> Common | I37: 1 | J37: 1 | K37: Spicy | L37: 0 | M37: 0 | N37: =IF(E37="Meal",L37,M37) -> 0 | P37: Sacrifice this: search your deck for a Spicy card. | Q37: abilities | R37: Spicy Starter | S37: 1 | T37: data/cards.json
A38: 34 | B38: spicy_peppercorn_porcupine | C38: Peppercupine | D38: Peppercorn Porcupine | E38: Ingredient | F38: Spicy | G38: Yes | H38: =IF(E38="Chef","Mythic",IF(G38="Yes","Rare",IF(OR(E38="Meal",E38="Spice",E38="Environment"),"Uncommon","Common"))) -> Rare | I38: 2 | J38: 1 | K38: Spicy | L38: 0 | M38: 0 | N38: =IF(E38="Meal",L38,M38) -> 0 | P38: When played, search your deck for a Spicy meal. | Q38: on_play | S38: 0 | T38: data/cards.json
A39: 35 | B39: spicy_habanero_hare | C39: Harebanero | D39: Habanero Hare | E39: Ingredient | F39: Spicy | G39: No | H39: =IF(E39="Chef","Mythic",IF(G39="Yes","Rare",IF(OR(E39="Meal",E39="Spice",E39="Environment"),"Uncommon","Common"))) -> Common | I39: 2 | J39: 1 | K39: Spicy | L39: 0 | M39: 0 | N39: =IF(E39="Meal",L39,M39) -> 0 | P39: When sacrificed, deal 2 damage to a random opposing card in Prep. | Q39: on_sacrifice | S39: 0 | T39: data/cards.json
A40: 36 | B40: spicy_ghost_pepper_python | C40: Ghost Pepython | D40: Ghost Pepper Python | E40: Ingredient | F40: Spicy | G40: Yes | H40: =IF(E40="Chef","Mythic",IF(G40="Yes","Rare",IF(OR(E40="Meal",E40="Spice",E40="Environment"),"Uncommon","Common"))) -> Rare | I40: 2 | J40: 1 | K40: Spicy | L40: 0 | M40: 0 | N40: =IF(E40="Meal",L40,M40) -> 0 | P40: When played, discard your hand. If you discarded at least one card this way, draw 3. | Q40: on_play | S40: 0 | T40: data/cards.json
A41: 37 | B41: spicy_chili_cicada | C41: Chili Cicada | E41: Ingredient | F41: Spicy | G41: Yes | H41: =IF(E41="Chef","Mythic",IF(G41="Yes","Rare",IF(OR(E41="Meal",E41="Spice",E41="Environment"),"Uncommon","Common"))) -> Rare | I41: 1 | J41: 1 | K41: Spicy | L41: 0 | M41: 0 | N41: =IF(E41="Meal",L41,M41) -> 0 | P41: When this is KO'd, deal 3 damage to an opposing unit. | Q41: on_ko | S41: 0 | T41: data/cards.json
A42: 38 | B42: funky_beat_beetle | C42: Beat Beetle | E42: Ingredient | F42: Funky | G42: No | H42: =IF(E42="Chef","Mythic",IF(G42="Yes","Rare",IF(OR(E42="Meal",E42="Spice",E42="Environment"),"Uncommon","Common"))) -> Common | I42: 1 | J42: 1 | K42: Funky | L42: 0 | M42: 0 | N42: =IF(E42="Meal",L42,M42) -> 0 | P42: When played, discard the top card of your deck. If it is a unit, this gets +3/+3. | Q42: on_play | R42: Funky Starter | S42: 3 | T42: data/cards.json
A43: 39 | B43: fresh_salad_shield_skunk | C43: Salad Shield Skunk | E43: Ingredient | F43: Fresh | G43: No | H43: =IF(E43="Chef","Mythic",IF(G43="Yes","Rare",IF(OR(E43="Meal",E43="Spice",E43="Environment"),"Uncommon","Common"))) -> Common | I43: 1 | J43: 2 | K43: Fresh | L43: 0 | M43: 0 | N43: =IF(E43="Meal",L43,M43) -> 0 | P43: While this is in Prep, opposing effects cannot damage your other Prep units. | Q43: protect_other_friendly_prep_from_effect_damage | R43: Fresh Starter | S43: 3 | T43: data/cards.json
A44: 40 | B44: funky_chef_check_chinchilla | C44: Chef-Check Chinchilla | E44: Ingredient | F44: Funky | G44: Yes | H44: =IF(E44="Chef","Mythic",IF(G44="Yes","Rare",IF(OR(E44="Meal",E44="Spice",E44="Environment"),"Uncommon","Common"))) -> Rare | I44: 1 | J44: 1 | K44: Funky | L44: 0 | M44: 0 | N44: =IF(E44="Meal",L44,M44) -> 0 | O44: Hand_trap | P44: Hand Trap — when your opponent uses a Chef, discard this to negate it. | Q44: hand_trap | R44: Funky Starter | S44: 1 | T44: data/cards.json
A45: 41 | B45: spicy_pantry_pouncer | C45: Pantry Pouncer | E45: Ingredient | F45: Spicy | G45: Yes | H45: =IF(E45="Chef","Mythic",IF(G45="Yes","Rare",IF(OR(E45="Meal",E45="Spice",E45="Environment"),"Uncommon","Common"))) -> Rare | I45: 1 | J45: 1 | K45: Spicy | L45: 0 | M45: 0 | N45: =IF(E45="Meal",L45,M45) -> 0 | O45: Hand_trap | P45: Hand Trap — when your opponent plays an Ingredient, discard this to destroy it after its on-play effect resolves. | Q45: hand_trap | S45: 0 | T45: data/cards.json
A46: 42 | B46: funky_toolbox_toad | C46: Toolbox Toad | E46: Ingredient | F46: Funky | G46: Yes | H46: =IF(E46="Chef","Mythic",IF(G46="Yes","Rare",IF(OR(E46="Meal",E46="Spice",E46="Environment"),"Uncommon","Common"))) -> Rare | I46: 1 | J46: 1 | K46: Funky | L46: 0 | M46: 0 | N46: =IF(E46="Meal",L46,M46) -> 0 | O46: Hand_trap | P46: Hand Trap — when your opponent uses a Tool, discard this to negate it. | Q46: hand_trap | R46: Funky Starter | S46: 1 | T46: data/cards.json
A47: 43 | B47: sweet_ability_axolotl | C47: Ability Axolotl | E47: Ingredient | F47: Sweet | G47: Yes | H47: =IF(E47="Chef","Mythic",IF(G47="Yes","Rare",IF(OR(E47="Meal",E47="Spice",E47="Environment"),"Uncommon","Common"))) -> Rare | I47: 1 | J47: 1 | K47: Sweet | L47: 0 | M47: 0 | N47: =IF(E47="Meal",L47,M47) -> 0 | O47: Hand_trap | P47: Hand Trap — when your opponent activates a unit ability, discard this to negate that ability. Its costs remain paid. | Q47: hand_trap | S47: 0 | T47: data/cards.json
A48: 44 | B48: fresh_comeback_corgi | C48: Comeback Cucumber Corgi | E48: Ingredient | F48: Fresh | G48: Yes | H48: =IF(E48="Chef","Mythic",IF(G48="Yes","Rare",IF(OR(E48="Meal",E48="Spice",E48="Environment"),"Uncommon","Common"))) -> Rare | I48: 1 | J48: 1 | K48: Fresh | L48: 0 | M48: 0 | N48: =IF(E48="Meal",L48,M48) -> 0 | P48: After your Chef takes damage, if your Plated and Prep areas have room, you may play this Plated and create a 1/1 Fresh Ingredient token in Prep. That token becomes recipe-ready next turn. | Q48: hand_trigger | R48: Fresh Starter | S48: 3 | T48: data/cards.json
A49: 45 | B49: fresh_crisp_capybara | C49: Crisp Capybara | E49: Ingredient | F49: Fresh | G49: No | H49: =IF(E49="Chef","Mythic",IF(G49="Yes","Rare",IF(OR(E49="Meal",E49="Spice",E49="Environment"),"Uncommon","Common"))) -> Common | I49: 2 | J49: 3 | K49: Fresh | L49: 0 | M49: 0 | N49: =IF(E49="Meal",L49,M49) -> 0 | R49: Fresh Starter | S49: 3 | T49: data/cards.json
A50: 46 | B50: fresh_sprout_squirrel | C50: Sprout Squirrel | E50: Ingredient | F50: Fresh | G50: No | H50: =IF(E50="Chef","Mythic",IF(G50="Yes","Rare",IF(OR(E50="Meal",E50="Spice",E50="Environment"),"Uncommon","Common"))) -> Common | I50: 1 | J50: 2 | K50: Fresh | L50: 0 | M50: 0 | N50: =IF(E50="Meal",L50,M50) -> 0 | P50: When played, create a 1/1 Fresh Ingredient token in Prep if there is room. | Q50: on_play | R50: Fresh Starter | S50: 3 | T50: data/cards.json
A51: 47 | B51: funky_fondue_ferret | C51: Fondue Ferret | E51: Ingredient | F51: Funky | G51: No | H51: =IF(E51="Chef","Mythic",IF(G51="Yes","Rare",IF(OR(E51="Meal",E51="Spice",E51="Environment"),"Uncommon","Common"))) -> Common | I51: 2 | J51: 3 | K51: Funky | L51: 0 | M51: 0 | N51: =IF(E51="Meal",L51,M51) -> 0 | R51: Funky Starter | S51: 3 | T51: data/cards.json
A52: 48 | B52: funky_turniptable_turtle | C52: Turniptable Turtle | D52: Turnip Turntable Turtle | E52: Ingredient | F52: Funky | G52: No | H52: =IF(E52="Chef","Mythic",IF(G52="Yes","Rare",IF(OR(E52="Meal",E52="Spice",E52="Environment"),"Uncommon","Common"))) -> Common | I52: 1 | J52: 2 | K52: Funky | L52: 0 | M52: 0 | N52: =IF(E52="Meal",L52,M52) -> 0 | P52: While in Prep, once per turn discard the top card of your deck. If it is a unit, this gets +1/+1. | Q52: abilities | R52: Funky Starter | S52: 3 | T52: data/cards.json
A53: 49 | B53: hearty_bagver | C53: Bagver | E53: Ingredient | F53: Hearty | G53: No | H53: =IF(E53="Chef","Mythic",IF(G53="Yes","Rare",IF(OR(E53="Meal",E53="Spice",E53="Environment"),"Uncommon","Common"))) -> Common | I53: 1 | J53: 2 | K53: Hearty | L53: 0 | M53: 0 | N53: =IF(E53="Meal",L53,M53) -> 0 | P53: When sacrificed, heal your chef for 1. | Q53: on_sacrifice | R53: Hearty Starter | S53: 3 | T53: data/cards.json
A54: 50 | B54: hearty_french_bread_dog | C54: French Bread Dog | E54: Ingredient | F54: Hearty | G54: No | H54: =IF(E54="Chef","Mythic",IF(G54="Yes","Rare",IF(OR(E54="Meal",E54="Spice",E54="Environment"),"Uncommon","Common"))) -> Common | I54: 1 | J54: 2 | K54: Hearty | L54: 0 | M54: 0 | N54: =IF(E54="Meal",L54,M54) -> 0 | O54: Taunt | P54: Taunt — this Plated card must be attacked first. | R54: Hearty Starter | S54: 3 | T54: data/cards.json
A55: 51 | B55: hearty_macaroni_manatee | C55: Macaronatee | D55: Macaroni Manatee | E55: Ingredient | F55: Hearty | G55: No | H55: =IF(E55="Chef","Mythic",IF(G55="Yes","Rare",IF(OR(E55="Meal",E55="Spice",E55="Environment"),"Uncommon","Common"))) -> Common | I55: 2 | J55: 3 | K55: Hearty | L55: 0 | M55: 0 | N55: =IF(E55="Meal",L55,M55) -> 0 | R55: Hearty Starter | S55: 3 | T55: data/cards.json
A56: 52 | B56: hearty_ramen_ram | C56: Ramen | D56: Ramen Ram | E56: Ingredient | F56: Hearty | G56: No | H56: =IF(E56="Chef","Mythic",IF(G56="Yes","Rare",IF(OR(E56="Meal",E56="Spice",E56="Environment"),"Uncommon","Common"))) -> Common | I56: 1 | J56: 1 | K56: Hearty | L56: 0 | M56: 0 | N56: =IF(E56="Meal",L56,M56) -> 0 | P56: When played, give one of your units +1 attack. | Q56: on_play | R56: Hearty Starter | S56: 1 | T56: data/cards.json
A57: 53 | B57: hearty_baked_potato_pangolin | C57: Baked Potangolin | D57: Baked Potato Pangolin | E57: Ingredient | F57: Hearty | G57: Yes | H57: =IF(E57="Chef","Mythic",IF(G57="Yes","Rare",IF(OR(E57="Meal",E57="Spice",E57="Environment"),"Uncommon","Common"))) -> Rare | I57: 2 | J57: 1 | K57: Hearty | L57: 0 | M57: 0 | N57: =IF(E57="Meal",L57,M57) -> 0 | P57: When played, give a Plated unit +2 attack this turn. | Q57: on_play | R57: Hearty Starter | S57: 1 | T57: data/cards.json
A58: 54 | B58: hearty_lemming_lentils | C58: Lentils | D58: Lemming Lentils | E58: Ingredient | F58: Hearty | G58: Yes | H58: =IF(E58="Chef","Mythic",IF(G58="Yes","Rare",IF(OR(E58="Meal",E58="Spice",E58="Environment"),"Uncommon","Common"))) -> Rare | I58: 2 | J58: 1 | K58: Hearty | L58: 0 | M58: 0 | N58: =IF(E58="Meal",L58,M58) -> 0 | P58: When played, search your deck for a Hearty meal. | Q58: on_play | S58: 0 | T58: data/cards.json
A59: 55 | B59: hearty_bird_beakon | C59: Bacon | D59: Bird Beakon | E59: Ingredient | F59: Hearty | G59: No | H59: =IF(E59="Chef","Mythic",IF(G59="Yes","Rare",IF(OR(E59="Meal",E59="Spice",E59="Environment"),"Uncommon","Common"))) -> Common | I59: 2 | J59: 1 | K59: Hearty | L59: 0 | M59: 0 | N59: =IF(E59="Meal",L59,M59) -> 0 | P59: When played, heal 2 damage from a unit. | Q59: on_play | S59: 0 | T59: data/cards.json
A60: 56 | B60: hearty_kale_whale | C60: Kwhale | D60: Kale Whale | E60: Ingredient | F60: Hearty | G60: Yes | H60: =IF(E60="Chef","Mythic",IF(G60="Yes","Rare",IF(OR(E60="Meal",E60="Spice",E60="Environment"),"Uncommon","Common"))) -> Rare | I60: 1 | J60: 2 | K60: Hearty | L60: 0 | M60: 0 | N60: =IF(E60="Meal",L60,M60) -> 0 | P60: When played, heal 1 damage from all your units. | Q60: on_play | S60: 0 | T60: data/cards.json
A61: 57 | B61: sweet_sugar_glider | C61: Sugar Glider | E61: Ingredient | F61: Sweet | G61: No | H61: =IF(E61="Chef","Mythic",IF(G61="Yes","Rare",IF(OR(E61="Meal",E61="Spice",E61="Environment"),"Uncommon","Common"))) -> Common | I61: 1 | J61: 2 | K61: Sweet | L61: 0 | M61: 0 | N61: =IF(E61="Meal",L61,M61) -> 0 | P61: When sacrificed, draw 1 card. | Q61: on_sacrifice | R61: Sweet Starter | S61: 3 | T61: data/cards.json
A62: 58 | B62: sweet_marshmallow_swallow | C62: Marshmallow Swallows | E62: Ingredient | F62: Sweet | G62: No | H62: =IF(E62="Chef","Mythic",IF(G62="Yes","Rare",IF(OR(E62="Meal",E62="Spice",E62="Environment"),"Uncommon","Common"))) -> Common | I62: 2 | J62: 3 | K62: Sweet | L62: 0 | M62: 0 | N62: =IF(E62="Meal",L62,M62) -> 0 | R62: Sweet Starter | S62: 3 | T62: data/cards.json
A63: 59 | B63: sweet_caramel_camel | C63: Caramel Camel | E63: Ingredient | F63: Sweet | G63: No | H63: =IF(E63="Chef","Mythic",IF(G63="Yes","Rare",IF(OR(E63="Meal",E63="Spice",E63="Environment"),"Uncommon","Common"))) -> Common | I63: 1 | J63: 1 | K63: Sweet | L63: 0 | M63: 0 | N63: =IF(E63="Meal",L63,M63) -> 0 | P63: When played, draw 1 card. | Q63: on_play | R63: Sweet Starter | S63: 3 | T63: data/cards.json
A64: 60 | B64: sweet_toffee_collie | C64: Toffee Collie | E64: Ingredient | F64: Sweet | G64: No | H64: =IF(E64="Chef","Mythic",IF(G64="Yes","Rare",IF(OR(E64="Meal",E64="Spice",E64="Environment"),"Uncommon","Common"))) -> Common | I64: 1 | J64: 1 | K64: Sweet | L64: 0 | M64: 0 | N64: =IF(E64="Meal",L64,M64) -> 0 | P64: When this deals combat damage to the opposing chef, they cannot use Tools next turn. | Q64: on_combat_damage_to_chef | R64: Sweet Starter | S64: 1 | T64: data/cards.json
A65: 61 | B65: sweet_nutmeg_newt | C65: Nutmeg | D65: Newtmeg | E65: Ingredient | F65: Sweet | G65: No | H65: =IF(E65="Chef","Mythic",IF(G65="Yes","Rare",IF(OR(E65="Meal",E65="Spice",E65="Environment"),"Uncommon","Common"))) -> Common | I65: 1 | J65: 2 | K65: Sweet | L65: 0 | M65: 0 | N65: =IF(E65="Meal",L65,M65) -> 0 | O65: Bodyguard | P65: Bodyguard — attacks into this card deal no piercing damage. | R65: Sweet Starter | S65: 1 | T65: data/cards.json
A66: 62 | B66: sweet_vanilla_gorilla | C66: Vanilla Extract Gorilla | E66: Ingredient | F66: Sweet | G66: Yes | H66: =IF(E66="Chef","Mythic",IF(G66="Yes","Rare",IF(OR(E66="Meal",E66="Spice",E66="Environment"),"Uncommon","Common"))) -> Rare | I66: 1 | J66: 2 | K66: Sweet | L66: 0 | M66: 0 | N66: =IF(E66="Meal",L66,M66) -> 0 | P66: When played, draw 1. If you control three other Sweet units, draw 2 instead. | Q66: on_play | S66: 0 | T66: data/cards.json
A67: 63 | B67: sweet_soft_serve_crab | C67: Soft Serve Crab | E67: Ingredient | F67: Sweet | G67: Yes | H67: =IF(E67="Chef","Mythic",IF(G67="Yes","Rare",IF(OR(E67="Meal",E67="Spice",E67="Environment"),"Uncommon","Common"))) -> Rare | I67: 1 | J67: 2 | K67: Sweet | L67: 0 | M67: 0 | N67: =IF(E67="Meal",L67,M67) -> 0 | P67: When played, search your deck for a Sweet card. | Q67: on_play | S67: 0 | T67: data/cards.json
A68: 64 | B68: sweet_jellyfish | C68: Jellyfish | E68: Ingredient | F68: Sweet | G68: Yes | H68: =IF(E68="Chef","Mythic",IF(G68="Yes","Rare",IF(OR(E68="Meal",E68="Spice",E68="Environment"),"Uncommon","Common"))) -> Rare | I68: 1 | J68: 2 | K68: Sweet | L68: 0 | M68: 0 | N68: =IF(E68="Meal",L68,M68) -> 0 | P68: When played, return an opposing ingredient to its owner's hand. | Q68: on_play | S68: 0 | T68: data/cards.json
A69: 65 | B69: item_spicy_shopping_list | C69: Spicy Shopping List | E69: Tool | F69: Neutral | G69: No | H69: =IF(E69="Chef","Mythic",IF(G69="Yes","Rare",IF(OR(E69="Meal",E69="Spice",E69="Environment"),"Uncommon","Common"))) -> Common | L69: 0 | M69: 1 | N69: =IF(E69="Meal",L69,M69) -> 1 | P69: Discard 1 card; search your deck for a Spicy ingredient. | Q69: effects | R69: Spicy Starter | S69: 1 | T69: data/cards.json
A70: 66 | B70: item_sweet_shopping_list | C70: Sweet Shopping List | E70: Tool | F70: Neutral | G70: No | H70: =IF(E70="Chef","Mythic",IF(G70="Yes","Rare",IF(OR(E70="Meal",E70="Spice",E70="Environment"),"Uncommon","Common"))) -> Common | L70: 0 | M70: 1 | N70: =IF(E70="Meal",L70,M70) -> 1 | P70: Discard 1 card; search your deck for a Sweet ingredient. | Q70: effects | R70: Sweet Starter | S70: 1 | T70: data/cards.json
A71: 67 | B71: item_hearty_shopping_list | C71: Hearty Shopping List | E71: Tool | F71: Neutral | G71: No | H71: =IF(E71="Chef","Mythic",IF(G71="Yes","Rare",IF(OR(E71="Meal",E71="Spice",E71="Environment"),"Uncommon","Common"))) -> Common | L71: 0 | M71: 1 | N71: =IF(E71="Meal",L71,M71) -> 1 | P71: Discard 1 card; search your deck for a Hearty ingredient. | Q71: effects | R71: Hearty Starter | S71: 1 | T71: data/cards.json
A72: 68 | B72: item_fresh_shopping_list | C72: Fresh Shopping List | E72: Tool | F72: Neutral | G72: No | H72: =IF(E72="Chef","Mythic",IF(G72="Yes","Rare",IF(OR(E72="Meal",E72="Spice",E72="Environment"),"Uncommon","Common"))) -> Common | L72: 0 | M72: 1 | N72: =IF(E72="Meal",L72,M72) -> 1 | P72: Discard 1 card; search your deck for a Fresh Ingredient. | Q72: effects | R72: Fresh Starter | S72: 1 | T72: data/cards.json
A73: 69 | B73: item_funky_shopping_list | C73: Funky Shopping List | E73: Tool | F73: Neutral | G73: No | H73: =IF(E73="Chef","Mythic",IF(G73="Yes","Rare",IF(OR(E73="Meal",E73="Spice",E73="Environment"),"Uncommon","Common"))) -> Common | L73: 0 | M73: 1 | N73: =IF(E73="Meal",L73,M73) -> 1 | P73: Discard 1 card; search your deck for a Funky Ingredient. | Q73: effects | R73: Funky Starter | S73: 1 | T73: data/cards.json
A74: 70 | B74: item_recipe_prep | C74: Recipe Prep | E74: Tool | F74: Neutral | G74: No | H74: =IF(E74="Chef","Mythic",IF(G74="Yes","Rare",IF(OR(E74="Meal",E74="Spice",E74="Environment"),"Uncommon","Common"))) -> Common | L74: 0 | M74: 2 | N74: =IF(E74="Meal",L74,M74) -> 2 | P74: Discard 2 cards; search your deck for a unit. | Q74: effects | R74: Spicy Starter, Hearty Starter, Sweet Starter, Fresh Starter, Funky Starter | S74: 13 | T74: data/cards.json
A75: 71 | B75: item_blow_torch | C75: Blow Torch | E75: Tool | F75: Neutral | G75: No | H75: =IF(E75="Chef","Mythic",IF(G75="Yes","Rare",IF(OR(E75="Meal",E75="Spice",E75="Environment"),"Uncommon","Common"))) -> Common | L75: 0 | M75: 0 | N75: =IF(E75="Meal",L75,M75) -> 0 | P75: Move a Spicy card to Prep; destroy a card your opponent controls. | Q75: effects | S75: 0 | T75: data/cards.json
A76: 72 | B76: item_tool_drawer | C76: Tool Drawer | E76: Tool | F76: Neutral | G76: No | H76: =IF(E76="Chef","Mythic",IF(G76="Yes","Rare",IF(OR(E76="Meal",E76="Spice",E76="Environment"),"Uncommon","Common"))) -> Common | L76: 0 | M76: 0 | N76: =IF(E76="Meal",L76,M76) -> 0 | P76: Look at the top 4 cards of your deck. Put a Tool from among them into your hand. | Q76: effects | R76: Spicy Starter, Hearty Starter, Sweet Starter, Fresh Starter, Funky Starter | S76: 8 | T76: data/cards.json
A77: 73 | B77: item_tongs | C77: Tongs | E77: Tool | F77: Neutral | G77: No | H77: =IF(E77="Chef","Mythic",IF(G77="Yes","Rare",IF(OR(E77="Meal",E77="Spice",E77="Environment"),"Uncommon","Common"))) -> Common | L77: 0 | M77: 0 | N77: =IF(E77="Meal",L77,M77) -> 0 | P77: Your opponent reveals their hand. Put a unit from it onto their field. | Q77: effects | S77: 0 | T77: data/cards.json
A78: 74 | B78: item_strainer | C78: Strainer | E78: Tool | F78: Neutral | G78: No | H78: =IF(E78="Chef","Mythic",IF(G78="Yes","Rare",IF(OR(E78="Meal",E78="Spice",E78="Environment"),"Uncommon","Common"))) -> Common | L78: 0 | M78: 0 | N78: =IF(E78="Meal",L78,M78) -> 0 | P78: Shuffle 2 cards from your discard into your deck. | Q78: effects | R78: Fresh Starter, Funky Starter | S78: 4 | T78: data/cards.json
A79: 75 | B79: item_hand_mixer | C79: Hand Mixer | E79: Tool | F79: Neutral | G79: No | H79: =IF(E79="Chef","Mythic",IF(G79="Yes","Rare",IF(OR(E79="Meal",E79="Spice",E79="Environment"),"Uncommon","Common"))) -> Common | L79: 0 | M79: 0 | N79: =IF(E79="Meal",L79,M79) -> 0 | P79: Swap the attack and health of a unit. | Q79: effects | S79: 0 | T79: data/cards.json
A80: 76 | B80: item_grater | C80: Grater | E80: Tool | F80: Neutral | G80: No | H80: =IF(E80="Chef","Mythic",IF(G80="Yes","Rare",IF(OR(E80="Meal",E80="Spice",E80="Environment"),"Uncommon","Common"))) -> Common | L80: 0 | M80: 0 | N80: =IF(E80="Meal",L80,M80) -> 0 | P80: Remove a Spice from an opposing unit. | Q80: effects | S80: 0 | T80: data/cards.json
A81: 77 | B81: item_measuring_cup | C81: Measuring Cup | E81: Tool | F81: Neutral | G81: No | H81: =IF(E81="Chef","Mythic",IF(G81="Yes","Rare",IF(OR(E81="Meal",E81="Spice",E81="Environment"),"Uncommon","Common"))) -> Common | L81: 0 | M81: 2 | N81: =IF(E81="Meal",L81,M81) -> 2 | P81: Discard 2 cards; return 2 units from your discard to your hand. | Q81: effects | S81: 0 | T81: data/cards.json
A82: 78 | B82: item_wooden_spoon | C82: Wooden Spoon | E82: Tool | F82: Neutral | G82: No | H82: =IF(E82="Chef","Mythic",IF(G82="Yes","Rare",IF(OR(E82="Meal",E82="Spice",E82="Environment"),"Uncommon","Common"))) -> Common | L82: 0 | M82: 0 | N82: =IF(E82="Meal",L82,M82) -> 0 | P82: Draw 1 card. | Q82: effects | R82: Spicy Starter, Hearty Starter, Sweet Starter, Fresh Starter, Funky Starter | S82: 15 | T82: data/cards.json
A83: 79 | B83: spice_cayenne_crunch | C83: Cayenne Crunch | E83: Spice | F83: Spicy | G83: No | H83: =IF(E83="Chef","Mythic",IF(G83="Yes","Rare",IF(OR(E83="Meal",E83="Spice",E83="Environment"),"Uncommon","Common"))) -> Uncommon | L83: 0 | M83: 0 | N83: =IF(E83="Meal",L83,M83) -> 0 | P83: Attached card gets +1 Attack. | Q83: attack_bonus | S83: 0 | T83: data/cards.json
A84: 80 | B84: spice_savory_gravy | C84: Savory Gravy | E84: Spice | F84: Hearty | G84: No | H84: =IF(E84="Chef","Mythic",IF(G84="Yes","Rare",IF(OR(E84="Meal",E84="Spice",E84="Environment"),"Uncommon","Common"))) -> Uncommon | L84: 0 | M84: 0 | N84: =IF(E84="Meal",L84,M84) -> 0 | P84: Attached card gets +2 Health. | Q84: health_bonus | S84: 0 | T84: data/cards.json
A85: 81 | B85: spice_sugar_glaze | C85: Sugar Glaze | E85: Spice | F85: Sweet | G85: No | H85: =IF(E85="Chef","Mythic",IF(G85="Yes","Rare",IF(OR(E85="Meal",E85="Spice",E85="Environment"),"Uncommon","Common"))) -> Uncommon | L85: 0 | M85: 0 | N85: =IF(E85="Meal",L85,M85) -> 0 | P85: Attached card gets +1/+1. | Q85: attack_bonus, health_bonus | S85: 0 | T85: data/cards.json
A86: 82 | B86: environment_blazing_wok | C86: Blazing Wok | E86: Environment | F86: Spicy | G86: No | H86: =IF(E86="Chef","Mythic",IF(G86="Yes","Rare",IF(OR(E86="Meal",E86="Spice",E86="Environment"),"Uncommon","Common"))) -> Uncommon | L86: 0 | M86: 0 | N86: =IF(E86="Meal",L86,M86) -> 0 | P86: Meals you serve enter with +1 Attack. | Q86: meal_attack_bonus | S86: 0 | T86: data/cards.json
A87: 83 | B87: environment_slow_cooker | C87: Slow Cooker | E87: Environment | F87: Hearty | G87: No | H87: =IF(E87="Chef","Mythic",IF(G87="Yes","Rare",IF(OR(E87="Meal",E87="Spice",E87="Environment"),"Uncommon","Common"))) -> Uncommon | L87: 0 | M87: 0 | N87: =IF(E87="Meal",L87,M87) -> 0 | P87: At the start of your turn, each of your Ingredients gets +1/+1. | Q87: ingredient_growth | S87: 0 | T87: data/cards.json
A88: 84 | B88: environment_dessert_display | C88: Dessert Display | E88: Environment | F88: Sweet | G88: No | H88: =IF(E88="Chef","Mythic",IF(G88="Yes","Rare",IF(OR(E88="Meal",E88="Spice",E88="Environment"),"Uncommon","Common"))) -> Uncommon | L88: 0 | M88: 0 | N88: =IF(E88="Meal",L88,M88) -> 0 | P88: Meals you serve enter with +1 Health. | Q88: meal_health_bonus | S88: 0 | T88: data/cards.json
A89: 85 | B89: chef_john | C89: Chef John | E89: Chef | F89: Neutral | G89: No | H89: =IF(E89="Chef","Mythic",IF(G89="Yes","Rare",IF(OR(E89="Meal",E89="Spice",E89="Environment"),"Uncommon","Common"))) -> Mythic | L89: 0 | M89: 0 | N89: =IF(E89="Meal",L89,M89) -> 0 | P89: Discard your hand, then draw 6 cards. | Q89: effects | S89: 0 | T89: data/cards.json
A90: 86 | B90: chef_bill | C90: Chef Bill | E90: Chef | F90: Neutral | G90: No | H90: =IF(E90="Chef","Mythic",IF(G90="Yes","Rare",IF(OR(E90="Meal",E90="Spice",E90="Environment"),"Uncommon","Common"))) -> Mythic | L90: 0 | M90: 0 | N90: =IF(E90="Meal",L90,M90) -> 0 | P90: Search your deck for 1 Ingredient and 1 Meal. | Q90: effects | S90: 0 | T90: data/cards.json
A91: 87 | B91: chef_carl | C91: Chef Carl | E91: Chef | F91: Neutral | G91: No | H91: =IF(E91="Chef","Mythic",IF(G91="Yes","Rare",IF(OR(E91="Meal",E91="Spice",E91="Environment"),"Uncommon","Common"))) -> Mythic | L91: 0 | M91: 0 | N91: =IF(E91="Meal",L91,M91) -> 0 | P91: Return 1 Meal from your discard to your hand. | Q91: effects | R91: Spicy Starter, Hearty Starter, Sweet Starter, Fresh Starter, Funky Starter | S91: 10 | T91: data/cards.json
A92: 88 | B92: chef_mary | C92: Chef Mary | E92: Chef | F92: Neutral | G92: No | H92: =IF(E92="Chef","Mythic",IF(G92="Yes","Rare",IF(OR(E92="Meal",E92="Spice",E92="Environment"),"Uncommon","Common"))) -> Mythic | L92: 0 | M92: 0 | N92: =IF(E92="Meal",L92,M92) -> 0 | P92: Draw 3 cards. | Q92: effects | R92: Spicy Starter, Hearty Starter, Sweet Starter, Fresh Starter, Funky Starter | S92: 13 | T92: data/cards.json

Sheet Starter Decks
A1: Starter Deck Coverage
A2: One row per card entry in each implemented 30-card starter deck.
A4: Deck ID | B4: Deck Name | C4: Archetype | D4: Card ID | E4: Card Name | F4: Card Type | G4: Count
A5: spicy_test_kitchen | B5: Spicy Starter | C5: Spicy | D5: spicy_sriracharrow | E5: Sriracharrow | F5: Meal | G5: 2
A6: spicy_test_kitchen | B6: Spicy Starter | C6: Spicy | D6: spicy_firecracker_shrimp | E6: Firecracker Shrimp | F6: Meal | G6: 2
A7: spicy_test_kitchen | B7: Spicy Starter | C7: Spicy | D7: spicy_buffalo_wings | E7: Buffalo Wings | F7: Meal | G7: 1
A8: spicy_test_kitchen | B8: Spicy Starter | C8: Spicy | D8: spicy_hot_honey_bee | E8: Hot Honey Bee | F8: Ingredient | G8: 3
A9: spicy_test_kitchen | B9: Spicy Starter | C9: Spicy | D9: spicy_jalapeno_panther | E9: Jalapeño Panther | F9: Ingredient | G9: 2
A10: spicy_test_kitchen | B10: Spicy Starter | C10: Spicy | D10: spicy_red_pepper_panda | E10: Red Pepper Panda | F10: Ingredient | G10: 3
A11: spicy_test_kitchen | B11: Spicy Starter | C11: Spicy | D11: spicy_wasabi_wasp | E11: Wastabi | F11: Ingredient | G11: 2
A12: spicy_test_kitchen | B12: Spicy Starter | C12: Spicy | D12: spicy_jalapeno_jackal | E12: Jakapeno | F12: Ingredient | G12: 1
A13: spicy_test_kitchen | B13: Spicy Starter | C13: Spicy | D13: item_spicy_shopping_list | E13: Spicy Shopping List | F13: Tool | G13: 1
A14: spicy_test_kitchen | B14: Spicy Starter | C14: Spicy | D14: item_recipe_prep | E14: Recipe Prep | F14: Tool | G14: 3
A15: spicy_test_kitchen | B15: Spicy Starter | C15: Spicy | D15: item_tool_drawer | E15: Tool Drawer | F15: Tool | G15: 2
A16: spicy_test_kitchen | B16: Spicy Starter | C16: Spicy | D16: item_wooden_spoon | E16: Wooden Spoon | F16: Tool | G16: 3
... A75: funky_test_kitchen | B75: Funky Starter | C75: Funky | D75: chef_mary | E75: Chef Mary | F75: Chef | G75: 2
